Country,Year,Month,Temperature_C,Humidity_pct,Flood_Occurred
India,1963,7,28.192056584084053,85.96697891580871,0
India,1962,4,25.20739667264038,53.45106656316339,0
India,1956,11,17.490324462490094,67.35798091462392,0
India,1993,8,28.513832271206258,85.56959814050384,1
India,1964,5,31.256518241605463,46.60444588937843,0
India,1968,7,28.832135424817523,80.51905268841669,1
India,2012,10,15.060222425850347,55.78964375018421,0
India,1984,3,15.602576700671644,72.04654630111725,0
India,1984,7,31.613297875220866,91.65091543153108,0
India,1968,11,14.56515394175176,70.6157482484534,0
India,1969,11,25.588657710195243,61.858882221470935,0
India,1984,8,27.92880214709475,89.56797395889599,1
India,1981,5,31.84864745090418,50.873764730512875,0
India,1997,4,17.478349503881464,60.05442478714217,0
India,1993,8,27.254275860010903,87.25816350824797,1
India,1973,8,30.738311046870546,79.6255047134544,0
India,2010,3,24.2071338680636,61.67929671713496,0
India,1966,6,29.257896747419686,93.43319592902172,0
India,2020,5,29.80356793872762,64.47015827648501,0
India,1999,2,23.229669444331204,67.34036165331297,0
India,2014,8,32.52158175075467,72.7379653828387,0
India,1981,12,19.846033119921035,72.4637507932234,0
India,1985,6,28.669560322544132,84.06938826123915,1
India,1962,2,20.330623837780127,53.85050948743966,0
India,2019,12,19.236354034446627,58.60289718552056,0
India,2007,5,30.938922455450555,48.11982273375282,0
India,1963,1,15.222918292616988,68.38353649401714,0
India,1986,12,21.108726317434986,57.31683421780966,0
India,2017,10,17.126786335317007,54.09095350379145,0
India,1989,6,32.71766283447151,84.15972467155818,1
India,2008,12,17.31012860251794,68.94412523660912,0
India,1965,9,17.37956093123627,85.65729200390611,1
India,2011,1,21.781595297646962,48.722449843732264,0
India,1953,11,20.05684755526479,63.719846637928654,0
India,1994,11,29.10660650559535,52.568160365419,0
India,1977,10,13.48278955778299,42.751191749001464,0
India,2015,12,20.439411787818976,71.96805770173742,0
India,1980,12,24.51859793988948,63.657838998621514,0
India,1952,3,17.6867443082908,59.37383468957268,0
India,1957,12,16.357768621040478,57.23512388242641,0
India,1973,7,27.387406057061014,91.98539750366658,1
India,1964,4,13.552155281399662,84.69724120158725,1
India,1992,9,25.39881850924278,87.24390259283258,1
India,1980,3,18.68153063277437,51.762922541376994,0
India,1994,5,28.65591858059931,58.76427584905619,0
India,2015,3,11.503607702679306,63.444581376752396,0
India,1957,7,25.698874282614348,73.25235846504067,0
India,2020,5,34.39616926655728,62.67599361422494,0
India,2006,9,21.212422664402315,87.1821256474654,1
India,1979,7,33.49950248977532,91.6317109899361,1
India,1967,2,24.15996975931932,69.77698641898444,0
India,2018,4,15.997518877708238,60.88937728231629,0
India,1988,9,29.719390914615875,92.57318453290179,1
India,2009,12,27.79893038240492,76.28542655231004,0
India,1992,2,17.74493423150786,60.22361164195568,0
India,1994,10,5.727178802560472,63.345496627741994,0
India,1972,9,18.573871640223693,76.16351323444712,0
India,2018,10,20.953185048485793,48.3922139004713,0
India,1955,5,28.296842895672928,53.29442948792385,0
India,2005,2,19.11391161326113,56.451053563863574,0
India,1953,4,16.68536785464882,51.231015802095456,0
India,1972,12,23.68653887341539,59.71203670418206,0
India,1955,12,20.254532961474222,56.690326658603055,0
India,1981,7,32.85454218882886,90.35447615669807,1
India,1967,12,24.88881338483175,56.201810836130335,0
India,1964,8,23.47702930774006,73.56641025892253,0
India,1989,3,16.91791115666359,61.00600938028336,0
India,1955,1,17.503882825437827,59.88641580470929,0
India,2012,4,30.285489438755132,53.103600948764054,0
India,2016,2,20.596021467601297,60.759999067976295,0
India,1960,8,32.43768178908919,79.62367705886832,0
India,1992,4,12.477232922901955,62.63871962898674,0
India,1966,2,20.572861809990087,81.06339549543881,0
India,1953,6,32.934878946348775,75.97197263546617,0
India,2012,6,32.58589525518047,82.4187895649542,1
India,2017,10,22.493597755665405,54.587959028406914,0
India,1990,4,20.052002025980503,56.53392093209965,0
India,1954,6,30.184705861876353,90.09962289798487,1
India,1981,2,13.226935301160843,64.3426124745522,0
India,2019,10,16.397868459251427,66.79013202085139,0
India,1984,12,20.923775825552653,60.243964038028786,0
India,1971,2,17.13609677229518,49.42320544044114,0
India,2014,10,22.75535298813114,51.08251710992016,0
India,1971,4,21.86713020105945,65.97007765973274,0
India,1960,8,34.10211076416598,85.85415949206649,0
India,1952,7,32.874761478457714,91.3010370303942,0
India,1958,12,20.909045636538274,62.34609682597438,0
India,2009,9,22.991921736247665,79.08492503333937,0
India,1963,8,33.015306486898965,82.39049092908422,1
India,1967,5,28.477688142276055,64.51851319746343,0
India,1972,2,18.68267600672079,65.68265996990901,0
India,1996,5,29.70952188781977,66.8408690572375,0
India,2018,8,28.57340836750695,79.75737943397404,0
India,1996,10,24.062747780253936,50.3917586713846,0
India,1979,9,17.490757833290782,84.0509874012629,1
India,1974,12,25.0066058855993,71.52058813226763,0
India,1977,12,18.53210720447847,54.44905343353585,0
India,1974,12,21.889586571357434,63.639775124807784,0
India,2007,9,20.665660595051552,87.27530569469482,1
India,1990,1,16.09608076683333,66.0861819973649,0
India,1974,9,19.920441082036838,93.32220126974104,1
India,1997,7,31.000930594351793,92.80953212383054,1
India,1959,9,19.742829251558007,82.02697083080247,1
India,1960,8,25.97188032448115,74.51052279345663,0
India,1970,1,26.805716974104687,54.57176531708206,0
India,1994,12,20.350797931446944,60.60537835237788,0
India,1956,8,27.617092274509435,83.19177361157172,0
India,2013,8,34.86230407040182,94.83949471464068,0
India,2013,11,22.469559238881303,60.15024243453159,0
India,1951,3,15.199320014393564,65.22969504204956,0
India,1991,1,15.822021014400486,61.73771447717875,0
India,2003,8,29.332815840336472,83.26683408254588,1
India,1965,3,21.18922791539929,44.60150657629867,0
India,1967,3,22.49119932585569,59.37105889166812,0
India,2008,1,23.80071391811427,86.03717834523302,1
India,1965,11,22.15828962560057,50.04433280129733,0
India,1955,5,34.04023793592299,45.4810156450062,0
India,2006,10,20.50717263872188,75.49111442055128,0
India,1996,7,27.721081858565334,88.71041484934668,0
India,1997,10,19.986596521364106,61.49935904418749,0
India,1991,9,19.72407735861683,91.81336931183529,1
India,2009,12,9.687138281350032,53.34798445635123,0
India,1953,7,28.315899422713024,84.46702619542674,0
India,1951,9,21.256814931801802,89.77577058450412,1
India,2008,8,28.72735330436464,95.55177183910197,1
India,1976,12,17.415162552708004,50.651645482747135,0
India,1976,2,23.645504783218254,70.24587566848315,0
India,1956,1,16.333816700898243,63.05471248672787,0
India,2012,7,32.13486795141247,85.81530533714708,1
India,1995,7,26.001766587635146,84.96135388872631,1
India,2012,8,38.28228580717855,78.07676689652698,0
India,1961,5,29.352943419296228,67.70471198570426,0
India,1962,3,18.706938842815774,53.74184783738938,0
India,1992,12,24.572263611559677,51.36247437998122,0
India,1966,8,28.743885477580655,89.42729479450169,0
India,2012,6,34.364783424977,88.94567012573339,1
India,1985,11,21.486375321946106,60.6320006688885,0
India,1957,3,19.526408397815082,68.63634896649313,0
India,2018,1,19.0999763865185,71.40749265183292,0
India,1985,3,24.830368681721048,70.46579262260433,0
India,1977,5,30.69146164381051,55.77376821278416,0
India,1996,3,21.72923492476308,68.1128394502377,0
India,1979,1,22.164007490414516,61.69312782006919,0
India,1972,5,30.398808555668072,73.807262162819,0
India,1965,10,22.079488905399934,59.010173309862616,0
India,1963,7,29.645029731957028,83.21764181315835,1
India,2020,7,29.850574104520273,81.93101561578561,1
India,2001,11,15.523540287893166,61.51430315388444,0
India,1986,9,21.19104100367359,87.33362733796052,1
India,1978,10,13.121835973151118,63.887698263418166,0
India,2016,10,21.13423228244365,62.793380322494855,0
India,1964,12,18.87753593534074,65.36829610143845,0
India,1996,3,21.49834043780391,58.21966531268482,0
India,1995,7,26.85351499775497,80.63742342204064,1
India,2001,1,11.522570527845431,52.32137602469082,0
India,1968,4,18.59653877210584,67.80040876242775,0
India,1970,4,15.816349324571608,63.76257848422632,0
India,2013,5,24.658329950368554,45.153297832397406,0
India,1986,7,32.30394980908371,90.4837671339997,1
India,1976,7,34.80371468142612,94.40217573201328,1
India,2004,11,16.812194256901797,54.272665193931736,0
India,1978,4,19.696916691114186,62.68928037020833,0
India,1969,7,29.076643149960564,82.6327095318382,0
India,1974,11,17.364406312095188,65.02645540376933,0
India,2019,3,22.654948855552085,50.671928887398195,0
India,2012,6,33.030424381285854,84.6427717145061,0
India,1985,12,16.525571242937584,67.85051302399025,0
India,1951,2,20.179067468379614,69.88569391439071,0
India,1971,10,25.138132135735574,63.41196655135751,0
India,1965,9,22.756144812859887,83.30477348395131,1
India,1967,5,32.51309231520146,47.25919132525113,0
India,2018,6,34.103955922327245,81.2122514438036,1
India,2003,12,25.419380689493,56.24581276196176,0
India,1979,12,24.114570521212265,54.41812973358709,0
India,1994,12,20.579749659124722,60.47642374650892,0
India,1968,12,18.470067930167634,57.26489811062972,0
India,1983,4,20.41391106125274,61.376970978683545,0
India,1962,11,17.862373255906526,69.6210184083813,0
India,1992,10,12.19005250795727,56.74830223016511,0
India,2011,7,29.16150280259988,78.08566511372888,0
India,1971,12,21.430104975348883,54.386339215001,0
India,2001,9,17.650922328935284,87.91794234986637,1
India,2001,7,29.421660638284177,88.38971892476337,0
India,1985,1,19.38385313613307,63.248681576129876,0
India,1968,1,25.427427096875554,70.40589844710412,0
India,1987,9,18.56225090390039,84.06818465061507,1
India,2019,11,25.426533528733817,76.41732918407459,0
India,2006,9,9.150038032608105,89.09093568052954,1
India,1969,4,25.391423125316145,39.81210023833698,0
India,1958,9,25.189624459450496,94.00329314981784,1
India,1981,3,23.609018693556767,53.86410711891423,0
India,1953,7,23.964245990388683,79.82949405271535,0
India,1999,6,33.05666098566744,87.61885554916446,1
India,1954,8,29.84964247297425,76.30909763831728,0
India,1969,11,9.88265024030136,54.43624614942709,0
India,1986,9,25.192710831338786,92.78549270312104,1
India,1971,5,34.332519235646906,64.44974063198002,0
India,2007,1,12.381951712539315,66.49791824751375,0
India,2017,3,20.70168430120045,54.74471519602021,0
India,1993,10,25.55436448577673,47.693040008255174,0
India,1983,12,24.920645253828585,65.65453943450987,0
India,1991,8,32.50818315347857,89.65128078120975,1
India,1958,11,9.410988480409966,67.07994708864888,0
India,1956,6,32.18862829990744,86.04534615058932,1
India,2017,8,29.34568830487817,80.16465878263965,1
India,1968,9,23.983430114873975,97.18884794029864,1
India,1980,4,21.0246458337353,63.838299543873404,0
India,1984,1,19.92047355884454,58.608906867286656,0
India,2006,1,22.563615397636944,58.64440610013306,0
India,2010,10,19.312346515712967,61.19677982458843,0
India,1980,4,19.90289088043223,68.55686609726385,0
India,2002,12,17.779104003484953,61.51702498644362,0
India,1981,7,25.183773026446314,89.29256576723749,1
India,2015,2,22.271413895085086,61.21118150314566,0
India,2008,3,16.77587872131772,59.101168868236954,0
India,1959,1,19.196832535837064,65.13000314662712,0
India,1951,5,30.8609218753618,64.82628826939037,0
India,2015,1,11.659129425738245,58.64292704723876,0
India,2009,8,24.41595328896953,81.2539652114287,1
India,1966,1,18.80104569356319,62.733831317923475,0
India,1965,11,21.818253929198622,60.62678935170075,0
India,1965,1,22.976153082596646,55.56102629783394,0
India,1995,2,13.634742016496372,53.260796139705626,0
India,1988,2,22.54652593765126,63.28380675115565,0
India,1980,12,19.019721526734653,64.40076045622156,0
India,1950,6,27.35052826471057,83.1998394267257,0
India,1960,7,28.05434443182189,82.10031482043537,0
India,1953,5,32.4055719961205,53.357958487702476,0
India,2020,1,21.096023140342286,63.05803951315935,0
India,1975,1,20.201226091021283,53.568183410874106,0
India,1999,3,20.973982955231598,77.92907655216584,0
India,1961,2,23.712391106464775,56.71774851223202,0
India,2014,5,29.70870129779003,40.59828577701919,0
India,1996,12,20.217275545816946,59.75862666696692,0
India,2002,10,24.552682960551223,59.41573216144958,0
India,2020,6,29.005240127210524,90.55859283762095,1
India,1951,7,31.854421785842042,86.44063118363852,1
India,1973,4,17.985182077307435,53.32931853248158,0
India,1953,7,28.752397975764644,83.56804063251612,1
India,1968,11,19.583800972801452,62.6193581732079,0
India,1975,8,31.545818558960296,74.17642874844795,0
India,1989,11,24.776727850204274,70.7089738751236,0
India,1999,1,20.3861810541551,53.350640913562685,0
India,1992,6,25.50048926602937,92.08521910473809,0
India,2016,8,31.894338880601815,86.96232570563295,1
India,1961,5,37.36152652243713,65.0367530911518,0
India,2016,4,20.434675324269403,69.19538748801018,0
India,1976,2,13.164929443281682,64.58505642153999,0
India,2003,6,30.508958668412554,88.36443108158726,1
India,2015,6,29.99096219044848,84.1779177976931,0
India,1998,11,19.651564626550442,62.97734945177676,0
India,1965,1,23.78163959990853,55.30001748022605,0
India,1951,9,25.513099145342895,83.28294450206016,1
India,2009,12,22.734342980804332,75.71756038375126,0
India,2003,11,19.467767661315726,53.53445131959663,0
India,1979,6,33.37703635310889,85.7715856331814,0
India,1987,3,14.024681435143037,60.90775229372381,0
India,1977,4,17.135775517064022,57.513964225753604,0
India,1974,12,17.58148888559308,64.1152074925635,0
India,1959,11,19.87619740827226,64.71777674193106,0
India,2009,4,22.02693864994735,52.593446534819364,0
India,1991,3,19.197148206650866,60.81085369237241,0
India,1989,10,16.3758568219909,51.34106128982114,0
India,1991,3,23.89940113878452,66.30838894653841,0
India,1996,3,19.058173111181226,61.411898482901,0
India,1986,4,20.408515683484133,60.658639093736696,0
India,1971,7,31.653203236427725,88.29515674436202,1
India,2006,4,20.155510431691788,57.79591767625279,0
India,1976,9,20.17308677897716,89.57010979609102,1
India,1990,1,24.12189368174332,52.41244101795091,0
India,1983,8,30.45410842371113,92.05938259447264,0
India,1981,7,32.588390957371466,82.24544408722574,1
India,2015,2,22.17866977727356,46.4305674584353,0
India,1961,8,36.050662632560744,83.35732545768634,1
India,1989,1,21.63765367147652,56.46425442196633,0
India,1959,11,22.551893080603094,57.31140811079971,0
India,1997,12,24.40662685598547,61.85318412387186,0
India,1969,9,20.25447103980068,90.48921180444137,1
India,1988,9,17.448587613082235,84.04147043051432,0
India,2009,2,18.103417675506172,54.4670594414488,0
India,2015,7,28.606479223492535,79.36726593858101,0
India,2014,10,16.198676127213126,56.25453766952764,0
India,2000,3,21.271220676807538,44.89740128599718,0
India,1985,7,28.111450355852746,81.37433453241819,0
India,1973,12,20.779411284807388,69.9524311668975,0
India,1976,10,19.365302225157453,53.41312636337262,0
India,1951,9,19.83351402682994,88.14357930400152,0
India,1980,4,22.224226591315425,50.18814328153208,0
India,2006,12,17.832403502445807,74.16876719448443,0
India,2015,1,22.555564183747094,74.70085386451768,0
India,1978,2,26.26923146655581,64.72817245247901,0
India,1964,1,21.372436331807034,75.93002081314818,0
India,1961,12,16.871617258910124,62.8463437994213,0
India,1977,5,28.154945965980612,66.14813691319645,0
India,1973,5,29.255211297644653,70.09547101385228,0
India,1970,11,17.620438811721737,61.43774762478759,0
India,1959,7,27.02645907116985,77.2381126920747,0
India,1967,9,20.617629107846767,88.94481677617199,1
India,1963,9,19.115210673096804,82.64070202783269,1
India,1983,3,20.758883534232233,56.81976143235632,0
India,2007,3,24.74554964886115,62.38315933182952,0
India,1971,3,19.054588664302564,64.53024703773896,0
India,2019,4,15.258319981278756,61.20107707204974,0
India,1985,8,28.803322523239345,88.17864768078654,1
India,1994,6,32.31127565134993,81.46571432969901,1
India,1985,8,32.030310812150866,84.78648102638358,1
India,1971,1,22.074558590454266,66.79268360360696,0
India,2010,8,28.12587983051369,93.86395588218357,1
India,2005,4,23.007610472130793,77.01148471178567,0
India,1982,11,23.907596312148264,63.46381346182185,0
India,1994,1,17.218313480440095,66.72007861396486,0
India,1985,8,29.875289707372428,94.90789582407595,1
India,1969,4,28.081607854728446,54.63331170613204,0
India,1967,6,27.78037717060984,88.14849926356291,0
India,1987,8,24.884739992268827,88.84171474743073,1
India,2016,4,25.531617737859193,71.58289148861395,0
India,1972,3,24.54641908681824,50.90286895571022,0
India,1965,9,18.1721307056903,80.30297108099741,0
India,2008,3,19.548032872527653,60.17105768883765,0
India,2018,9,15.100259799244192,86.88863831160818,0
India,2017,2,20.355809090438807,68.98291162987046,0
India,1970,2,24.663654861485604,64.14035020649817,0
India,2019,2,17.829580632966888,58.78869415911773,0
India,1961,6,32.63130593635888,87.0823072237807,1
India,1965,3,21.85489542956173,62.408355810195616,0
India,1963,9,22.31126756352456,93.72508214993894,1
India,2010,4,18.062763277654525,61.32527154854826,0
India,2020,1,18.581503268266022,56.93533269157949,0
India,1995,4,12.612910262114394,63.59687224057464,0
India,1981,1,17.73332234995958,61.58788255470826,0
India,1964,5,33.490456374093775,47.43205315460263,0
India,1993,4,16.282671223590906,59.87478350702265,0
India,1966,8,27.659095038429285,84.49630877296997,0
India,1990,8,31.92056947112137,82.28064067110341,1
India,2003,7,31.20830487597928,90.17791643811486,1
India,1993,3,22.759452999185203,53.71456322710403,0
India,1954,1,15.347117839638384,63.64494895619631,0
India,1976,1,30.256231797201387,58.817144001250156,0
India,1992,12,15.136986503330998,60.86156004517426,0
India,1980,11,20.61698925493627,63.294290328366934,0
India,1966,3,19.365378016525653,49.53940492887199,0
India,2003,6,26.440075447904857,85.95830445867391,1
India,2011,7,28.88937173156025,96.44473744856603,0
India,1981,6,30.069922802657608,77.21618327060638,0
India,1989,6,28.050080364409588,84.71196018142247,0
India,1962,6,32.81167086460455,90.6161966241191,1
India,1984,3,19.353497018150115,62.412953983628775,0
India,1954,6,25.97617598694514,88.43983476058017,1
India,1978,8,25.721623401992108,73.12166994453692,0
India,2019,11,22.424660362445824,64.78599499703961,0
India,1974,11,14.052916869198654,53.90649435013121,0
India,1971,2,21.265704292196336,62.47901827666517,0
India,2015,5,31.333965557000877,59.76452215272407,0
India,1994,1,16.01857854430393,78.22666423329306,0
India,2018,12,23.56295233509956,64.37356259012701,0
India,1950,1,13.128825504953472,59.099009365897714,0
India,1993,5,30.889376801995677,47.922457925971564,0
India,1988,12,19.836568265615966,60.96917521479917,0
India,2003,3,19.524008097076425,66.58583102677458,0
India,1978,4,15.28841342807771,59.35558486544622,0
India,2003,3,16.251911982400298,55.95474912050047,0
India,1965,1,26.47520810008239,55.41930668922945,0
India,1969,1,24.860620035487017,64.28113148364257,0
India,1995,12,22.968338354095195,66.07510351447326,0
India,2016,12,23.75939241411875,70.88968092256894,0
India,2014,5,32.538040634013804,52.040000854317135,0
India,2007,6,29.029931363141372,87.62988779208808,1
India,2002,3,20.190414207257405,59.02636836465706,0
India,1950,12,14.109966487835965,59.262126362933756,0
India,2015,9,19.641217492769897,87.00912927017,1
India,1978,5,33.55024274861756,63.26125002899958,0
India,2019,8,28.017878255228595,87.64384052895787,0
India,1957,1,24.092564818748905,51.54023046243352,0
India,1978,5,30.27475721608129,54.00150874266833,0
India,2000,3,14.45851253732107,71.88694620414147,0
India,1982,12,15.570721946614754,58.23542026015328,0
India,1952,1,23.67721147883102,62.44811518414317,0
India,2009,4,22.21009634103354,68.43733049634548,0
India,1984,5,30.305292218962876,63.70754457888655,0
India,2018,7,29.177904557256163,87.7326131548602,0
India,1969,1,20.84227191051434,67.15662143395005,0
India,1988,3,23.521184997012995,43.066689912824,0
India,1953,2,25.90341312194914,56.080398758715724,0
India,1968,9,26.09473679776242,87.34302898249796,1
India,1994,10,21.487839603033994,71.10115445646126,0
India,1992,6,29.48420492890644,85.33047779827886,0
India,1962,10,20.584992031275423,53.242268305951235,0
India,1962,3,22.08848142902032,53.45531160311598,0
India,2009,8,31.554200831535276,89.41930601726537,1
India,2006,8,33.92395991142031,83.91113208804056,1
India,2001,2,28.463022887666618,59.942399633677304,0
India,2002,6,29.38423611115774,88.07515096886159,0
India,1992,7,36.467654726473384,70.4923815865321,0
India,1991,2,24.688956987033574,76.00294009206465,0
India,1975,11,19.59670803925917,54.15140931959151,0
India,1972,10,25.99425935546032,61.93549095578857,0
India,1992,2,26.74259320567666,46.36242389202983,0
India,1977,10,18.158818223224614,56.6196711167597,0
India,1958,1,26.928861009942594,69.95750437092077,0
India,1969,8,33.22524846310789,75.4191641016706,0
India,2005,1,29.474236511916768,69.00960069751312,0
India,1988,9,18.303845672002005,83.63151951883808,0
India,2000,11,18.586293025056015,63.897315521761534,0
India,1961,6,23.920013610769978,88.28762206742556,1
India,2004,7,31.713581761703885,87.20710749745463,0
India,1960,10,21.501005022474875,53.08039478695339,0
India,1975,7,28.311018985392998,83.17725426732488,0
India,1991,10,19.67259707404777,48.307550581993475,0
India,1976,3,14.75511595929954,63.93437065270464,0
India,1960,2,24.793779811326743,73.6164412321274,0
India,1987,9,18.04120210188676,75.87779556661769,0
India,1992,8,39.28214704686285,81.19177046930982,1
India,1968,12,19.29759479715587,58.54579779293653,0
India,2013,10,16.96152463580676,61.38673138970844,0
India,1955,7,28.763060643795413,89.39588150717213,1
India,1995,9,14.352156093822995,84.23900009821166,0
India,1991,4,21.92908756281177,57.472330188434796,0
India,2014,4,18.32040120088351,68.82504564855793,0
India,2008,1,24.525011161590953,65.29596453650645,0
India,2001,8,29.175757514476746,87.69488987850549,1
India,1996,12,25.537768446742586,60.90012569270491,0
India,1956,3,23.029822997268163,67.86521768735886,0
India,1960,7,30.08579033015503,81.71845304384867,1
India,2010,12,26.320930349403284,53.658445742511375,0
India,2017,2,23.809173844148837,65.9688078949546,0
India,1974,2,31.784851306652904,46.999712246024735,0
India,1961,7,28.771634265065387,85.46089754818243,1
India,1975,6,30.22984831637538,83.41720823868744,1
India,1961,3,26.274836044043717,48.75396215477635,0
India,1992,9,13.82584875265955,80.34366210141867,1
India,2000,10,25.26777425293025,59.128191261637205,0
India,1986,6,31.317908273044413,90.16981628249512,1
India,1995,10,16.44715697821101,54.776336069937514,0
India,2002,10,14.547841365795513,69.70705119923994,0
India,1962,6,27.982531580609148,85.31589613778259,0
India,2003,1,10.860721710697712,70.48307761735977,0
India,2006,4,18.041842225233985,55.164067129759616,0
India,1953,10,22.490225333370326,59.609523295157054,0
India,1998,6,28.571098077093517,86.84241801668497,0
India,1956,6,34.16493810430143,84.10244768629244,1
India,1960,11,26.63979041090115,67.62419317716189,0
India,2003,12,25.102577930503095,42.339490197677875,0
India,1994,5,30.691922730793095,79.37924431031952,0
India,1972,1,10.701282910054124,66.8621968559613,0
India,1977,8,27.888907523902184,84.13234085482492,1
India,2006,5,29.57388441967684,55.58142661138125,0
India,1975,12,16.424529401980756,53.06863510841156,0
India,1974,12,19.441978098053717,65.1649237933579,0
India,2003,12,26.44026987477352,67.95985335033883,0
India,1978,5,25.062670411454047,58.699790974960806,0
India,1985,7,35.43507616835708,90.53495206489251,0
India,1963,4,23.53890568701655,52.741919625911024,0
India,1984,6,30.80465042483309,79.58094575006582,0
India,1979,4,17.145533777036945,74.5067296419644,0
India,1966,3,16.504198618034298,64.72886890830834,0
India,2016,7,25.12134685623378,91.98424100906664,1
India,1979,8,35.15029644094316,80.73030145806153,1
India,1994,4,26.150446240296166,52.61179686585016,0
India,2000,2,14.374861485666871,57.13112544433966,0
India,1996,12,17.789488020375195,53.407529267687906,0
India,2002,10,21.732579076927635,65.6429216818276,0
India,2013,3,18.801963447311167,53.99099154458844,0
India,1987,1,12.325300971872728,50.626641135461675,0
India,2013,8,28.026681718332934,85.71007706127617,1
India,1956,3,27.804137192080077,49.6801105933983,0
India,1971,12,17.640085638342224,45.604288548196884,0
India,1990,10,19.34613065319117,61.06605787089022,0
India,1959,7,26.564467727893856,76.25389978494894,0
India,2006,10,22.35105194113499,66.20223517036338,0
India,1956,5,30.34545539707375,48.837330189977635,0
India,1999,10,17.031921033772086,42.074609708642015,0
India,2001,5,26.086033812577725,57.64962679887365,0
India,1982,7,34.213630122032626,85.72297251648243,1
India,1950,9,13.577826373435679,87.4573753184097,1
India,2002,12,22.01526278235822,61.376125592126826,0
India,2009,5,23.53836226586528,51.52549903105806,0
India,1983,1,22.82884673204953,65.70448944741284,0
India,1953,10,23.881195549040243,67.68110805183797,0
India,1966,10,24.379134846559655,50.35390297235569,0
India,1953,1,19.355166125720526,58.55195089072309,0
India,1992,2,26.336014422254785,57.804479783127846,0
India,1953,6,36.92337508498821,86.10190791394017,0
India,1950,9,18.713507455816146,83.97538104112945,0
India,2020,8,28.646984909610218,84.66061113963512,1
India,1999,5,30.447531781034808,65.13452424193353,0
India,2010,1,18.08927941642317,51.08917520319093,0
India,1984,7,28.12838941196964,88.68686567630412,0
India,1957,5,28.389784379275472,69.12906185225,0
India,1973,6,35.147268024018736,93.17067496744434,1
India,1985,7,32.31564598510629,74.28316337931321,0
India,1999,3,18.076215490967634,58.53678674307825,0
India,1992,12,10.179499897110857,44.279195405171286,0
India,1976,10,13.82214202557413,40.519490481817414,0
India,1981,3,22.01371633040751,61.15274438085983,0
India,1967,5,23.635332175833547,56.8067856571971,0
India,1977,6,30.87898058235587,86.49925475885374,1
India,1978,9,15.737745100539897,87.43063845043658,1
India,1965,12,20.367223098322693,69.98316766486336,0
India,1996,5,30.191568904002427,60.43136340244624,0
India,2008,1,20.48235973556284,83.3868449385527,0
India,1980,4,18.422312611685918,62.4512788398817,0
India,1953,5,28.7181431231768,74.73983235653769,0
India,1986,12,17.116838324254246,41.337297595806014,0
India,1966,10,21.93556926896756,70.797916236405,0
India,1988,10,23.220770699123793,58.55391608163552,0
India,1997,5,26.343082432391622,44.413221924581826,0
India,1995,7,29.84511458312319,87.1027255461406,0
India,1997,4,20.78632829395095,57.57635569612546,0
India,1988,1,20.735084538492167,64.64042598758513,0
India,1953,5,30.500308858789552,68.08861166040863,0
India,1979,7,28.793895568964327,77.55424941619202,0
India,1979,10,21.116121701850158,68.11935185964126,0
India,1971,10,22.47211484393448,60.05183587376573,0
India,2015,6,30.423109967467692,91.76420587346637,1
India,1961,5,31.51781950960117,58.358814168017055,0
India,1985,4,23.961413644150028,56.23672885974863,0
India,1967,2,12.59623856841893,60.21643232551161,0
India,2002,4,23.773855367461472,60.81488565103882,0
India,2020,10,21.3697110608851,54.697721588066116,0
India,1950,10,15.553498689045092,56.02956215235773,0
India,2007,3,23.209883529278756,50.184995723889685,0
India,1955,10,18.406716375904153,56.52283928167844,0
India,2019,1,18.952134254725788,65.41048047998063,0
India,1993,8,28.476960652603015,84.31322913046928,1
India,1973,5,30.907196532714675,68.07252236837863,0
India,1968,4,16.858587429951786,58.51656425877541,0
India,1967,8,32.704423889843355,77.84241001138344,0
India,1979,7,29.583412238415985,87.98637443778291,1
India,1991,2,18.54319006604825,54.61101487173278,0
India,1982,1,23.01150271045588,58.133061689891726,0
India,1961,12,18.72177295072368,69.90057637987294,0
India,1976,11,23.792707301449205,50.71303632222789,0
India,1988,4,23.918371803363463,61.31795029971508,0
India,1958,8,25.99558848534307,84.79740824982105,1
India,1970,12,24.437040808891695,65.60740572349683,0
India,1978,2,14.151856113992459,66.84122692385618,0
India,1982,3,24.686322107530042,62.11071203399114,0
India,2011,12,28.113428768920954,57.1170028273568,0
India,1964,1,23.499337753076524,63.78698003220768,0
India,1951,1,11.372077421201308,70.6852471771565,0
India,2001,3,24.254262877544072,59.78168048288239,0
India,1993,11,28.984515863744047,57.86195108461579,0
India,2003,5,29.090905077005914,63.105362061343925,0
India,1967,12,19.86118671988044,60.30981616295689,0
India,1952,3,15.246053112294272,49.29832460865761,0
India,1956,1,21.248317675278678,61.91464640317985,0
India,1992,1,25.076708730172516,49.22590072988989,0
India,1987,8,32.09321138444836,86.87240323204223,1
India,1986,10,32.5678679091512,53.62285820474746,0
India,2007,11,20.132108171863187,60.29499843349077,0
India,1982,12,13.477306530338943,63.12475124959389,0
India,2008,12,20.683883886272877,79.63122676754857,0
India,1960,2,10.334192939150041,65.94199969429539,0
India,2017,3,17.867584300541946,70.91839047793867,0
India,2017,2,26.497528234400846,74.9739825495514,0
India,1971,3,21.300534594527086,63.914047335995555,0
India,2015,7,30.538250438493808,86.42844900133599,1
India,1993,1,27.283121506861427,51.46623112939027,0
India,1955,10,18.91760043334652,59.06696054079684,0
India,1991,8,33.78546123880233,81.3845613518207,0
India,1974,10,20.51722790066536,56.79152919900491,0
India,2006,10,21.520189853836104,74.96530700953974,0
India,2004,10,15.130780576547949,60.916972073599915,0
India,1965,2,18.071812820687132,52.992803378271134,0
India,1963,3,14.409927068624505,70.99626763753044,0
India,1988,9,19.619019687098618,89.77637738118725,0
India,1977,7,31.1712070317488,90.03826746300199,1
India,2000,4,15.55984757963419,43.950958375180846,0
India,1998,10,28.196715690739293,75.58936766177189,0
India,1958,5,30.834318057275883,55.5318820632489,0
India,2007,2,20.231182342340876,66.22363818234204,0
India,1994,11,23.0786310053825,80.19039832493625,1
India,1971,8,27.513215757402236,95.77666374095308,1
India,1981,4,20.653909916669814,52.1795029962185,0
India,2018,9,17.132535118569635,77.77741331498864,0
India,2018,5,34.67603973026695,71.44277279078342,0
India,1991,9,15.765442602411674,85.71027905797,1
India,2002,4,20.252661837228693,55.99294846958336,0
India,2008,10,21.317263140607103,64.96974837551238,0
India,1988,5,31.184477233223106,58.69696338032447,0
India,1964,9,17.675059307668672,88.50662068524372,1
India,2020,8,27.313471793564705,85.33490903909366,1
India,1978,3,17.732819307815603,65.77910342662534,0
India,1952,1,22.11330173684113,52.84373848690889,0
India,1959,3,19.424616916352146,71.39569610506108,0
India,1978,4,23.184835233810087,65.58098696585951,0
India,1984,2,21.908014877580293,65.17037895522859,0
India,1955,1,10.892349207601569,51.05864058390405,0
India,1961,7,30.742493390511633,93.49816208322123,1
India,1987,8,36.75136430344881,84.93141950316866,1
India,1968,7,33.97580715311499,88.6402443121492,1
India,2016,5,31.266039482120906,57.41740429002713,0
India,1957,12,15.762431478120224,62.087112517456774,0
India,1957,1,21.910214864502585,62.377018816955236,0
India,1996,7,32.219249819634776,70.90034533998289,0
India,1953,7,29.23875995751725,87.91224062327416,1
India,2000,9,21.26696823521775,94.82670730861042,1
India,2016,3,26.038649833584163,64.31824207193566,0
India,1994,9,16.570902321033095,80.2114587555513,0
India,1957,1,15.766801580163492,65.1996925292311,0
India,1965,1,22.77079730397685,68.47584424138671,0
India,2016,4,21.83017054479232,64.09973212952309,0
India,1958,9,24.115353181651248,84.62936446784978,0
India,2009,6,31.709381435711308,83.78925387088034,1
India,2020,11,17.728979747303224,58.02952195706554,0
India,1964,3,21.72877060586162,65.5822152080897,0
India,2020,1,15.431493826815306,48.74300803952298,0
India,1990,4,18.998725153068026,57.02501471315675,0
India,1971,12,22.011196923865615,72.76487858408758,0
India,1973,9,18.55794313310444,93.17097633288589,1
India,1993,3,29.872208728919308,48.174823297586705,0
India,1950,12,12.431263004705333,50.94869110989113,0
India,1959,9,17.810038572004757,83.64689710236031,1
India,2005,7,27.186660498390268,89.46294758557175,1
India,1999,12,17.198604770168185,45.38020516757608,0
India,1961,4,17.428007106076485,59.561530920660175,0
India,2009,3,14.694317252564026,56.20656674736284,0
India,1975,10,23.01080859429051,70.60771739428186,0
India,1990,5,28.358714107838697,46.58473220824597,0
India,1985,5,30.490720006765965,60.74032492394898,0
India,1972,3,18.26069695235902,56.85112450121125,0
India,1992,12,17.236478350855162,71.75839141021831,0
India,1955,9,26.689116944347397,87.98826323176625,1
India,2018,4,23.69172872883763,55.31347472593812,0
India,1992,11,12.52719840017942,66.82709154663266,0
India,1974,5,24.07758765499234,56.889369173531406,0
India,1967,4,24.170435342545947,67.99463768991802,0
India,2011,5,28.44043982535374,58.103384072915375,0
India,1962,7,25.05275299819733,90.27333289384381,1
India,1992,9,24.182940530161364,87.18040977563625,1
India,1977,7,30.50737215029727,101.30245540345712,1
India,1967,5,30.75471325449696,59.57683195667197,0
India,2008,10,23.23815708802363,63.062898332971585,0
India,2009,10,14.760091366870427,56.16460206627255,0
India,2012,7,25.105497535847505,85.01342670377389,0
India,2006,10,26.32381717961281,38.38531892680447,0
India,2000,5,25.688499717773123,63.72467213232826,0
India,2005,3,15.111048811697744,70.74299370359529,0
India,1976,7,26.9326938613627,86.98315002299677,1
India,1981,11,28.319783694762087,49.48910833618098,0
India,1958,11,21.97353320164609,53.58570277832799,0
India,2017,2,23.86163189774152,40.55846298274984,0
India,1995,12,20.784670182314915,67.8313920549234,0
India,2016,9,17.592451155195064,79.96743353645209,0
India,1975,10,22.525165133040673,59.77033127830217,0
India,1957,10,13.773536116812785,58.77009942138224,0
India,1955,12,15.618866191614021,71.90181628526614,0
India,1973,1,22.931900717045924,60.68225054372591,0
India,1997,6,25.92823430751966,89.04446460053005,1
India,1994,7,29.43275559251438,87.73231882073831,1
India,1962,8,29.569462966933767,91.79705709980699,1
India,2018,10,17.88535198665135,58.08701044397633,0
India,1974,9,12.195526100604571,94.34807665252258,1
India,1969,2,17.48428443524523,44.11470274880548,0
India,2015,11,16.70012649227006,66.85978798400988,0
India,1994,10,20.645759453150795,53.06704313068694,0
India,1996,2,20.441962154797874,56.05800357776038,0
India,2012,5,31.133884379810624,64.55531413520828,0
India,2004,5,27.972041181076808,64.49121639878194,0
India,1968,6,31.568333851397675,88.03214006845036,0
India,1984,3,13.775973068905268,48.910736447158094,0
India,2002,8,24.534285802042938,92.2451511563962,1
India,1975,1,10.657709103333488,52.79482305417859,0
India,1963,6,28.50210828128401,81.163564548874,1
India,1994,4,16.98680710264577,65.10317390533463,0
India,1993,1,23.1572624474184,57.70623060191008,0
India,2014,7,28.05401223885339,86.54130420281246,1
India,2000,9,21.093505391777068,74.21699651683606,0
India,1992,4,23.25318630633231,62.27459559615385,0
India,1972,4,17.254723697403538,61.74265503609772,0
India,2005,6,30.894156630321525,82.45070731117859,0
India,1968,12,24.007710195820778,43.40739232188169,0
India,2004,3,15.047348900777731,58.29753390814716,0
India,2009,12,20.099409352978576,59.701009121611094,0
India,2008,6,27.953896850402057,83.16385504834753,0
India,1982,7,26.476530352520584,75.81912767783751,0
India,1968,11,13.854193038039085,72.75787205853533,0
India,1977,10,15.237405711285199,54.889107776445016,0
India,2001,10,20.24011602300805,58.22236269661679,0
India,1998,3,13.556622177753013,40.724205430253676,0
India,1986,7,28.34781892773409,92.97427674349103,0
India,1975,3,23.25277762741159,56.267600546127554,0
India,1989,2,21.796043853675744,60.78770253659362,0
India,1987,12,17.87796950824737,68.96589955853321,0
India,2003,10,26.758761653434895,54.58956636226699,0
India,1971,4,27.572145655646644,67.70595989909235,0
India,1965,12,20.104489726158903,43.509396352470866,0
India,1977,8,22.594371252347074,87.75493328785657,0
India,1984,9,23.54579278806504,92.86121083259826,0
India,2009,7,23.118070979899244,82.09791576390985,1
India,1994,1,25.904584442880264,68.9510529623872,0
India,1995,3,24.334339602969195,74.67138121755026,0
India,2004,12,27.096850016552082,57.96126529556785,0
India,1975,9,21.041062233470907,83.31235857075069,0
India,1974,12,18.554456931272647,52.81365003334157,0
India,2014,1,18.199595465239103,55.92215875851893,0
India,1955,9,17.81495931587641,80.9232005486369,0
India,1972,8,32.943205961024105,80.50444450786387,1
India,2013,1,22.84908595802351,69.59068237369085,0
India,1992,6,30.36067690030264,81.05036987355871,0
India,1972,5,27.833456076219083,62.06817531775698,0
India,1979,6,37.887637893900816,85.1911671760812,0
India,1967,10,23.64949845585148,71.98475650056898,0
India,1970,12,13.609152320906365,55.97475014355989,0
India,2006,5,28.451231952188618,63.049184373234574,0
India,1972,6,32.79532829222612,88.95534851138055,1
India,1994,5,27.60138323630195,71.91799685856465,0
India,1993,11,21.406191835303556,55.857973239637865,0
India,1996,12,23.803185201344593,55.05686025014096,0
India,1989,5,19.83471575203082,51.50575156831958,0
India,2000,4,19.567849200843,77.89039696678593,0
India,1991,3,19.724836614260486,71.07577950544311,0
India,1956,3,18.35171017726484,59.662388845503656,0
India,1999,4,21.206780539784162,75.45151320901645,0
India,1997,9,22.6300784299835,84.49068302817172,0
India,1955,2,20.568203777298436,65.79528377146823,0
India,1958,9,18.50469042380227,85.0508595086136,1
India,2006,1,22.53048519913708,63.182443614003766,0
India,1980,1,20.19621363709743,62.334091540268375,0
India,1970,5,29.307898760413565,56.6001170129868,0
India,1989,6,26.06316184398324,90.46249269042677,0
India,1994,6,25.312035644201764,88.5797620884195,1
India,1998,3,14.675080829143718,68.22155674801184,0
India,1969,7,30.834987183660644,86.60113592749673,1
India,1966,9,19.683685009574592,80.46715059111433,1
India,1977,11,14.078863607170147,73.67508853246161,0
India,1990,12,22.583671303175244,57.89955013146059,0
India,2015,10,25.49723805271638,62.91253622854732,0
India,1974,8,28.20451914985099,88.17690679411135,1
India,2007,6,24.77705442789488,86.78710858108809,1
India,1990,12,17.16349446039235,67.3233361698422,0
India,1955,8,32.563381880384085,90.3668896115825,1
India,1987,12,22.194119434139097,58.20133197562202,0
India,1955,5,27.232701941965562,73.00373873564517,0
India,1994,8,34.563516413294224,83.66548222919367,0
India,1963,10,25.393120263705594,62.69399239104631,0
India,2015,12,17.067975746893435,56.89857453116615,0
India,1989,4,17.026839988140132,54.61221181879368,0
India,1952,10,17.628688250482043,68.35352871032693,0
India,1973,8,28.478001673834363,100.60948448713022,1
India,1968,10,23.802152031713774,57.105920893437464,0
India,1967,12,21.701316241906376,69.72257259742463,0
India,2013,2,23.50831507740235,57.392709498398446,0
India,1984,12,22.6942605727468,59.91612018515197,0
India,2011,12,26.858108272774928,74.06067017785338,0
India,1950,5,26.82184336857258,51.41171771939755,0
India,1974,9,21.521434121535666,78.30920465688439,0
India,1994,4,11.30471497506121,59.30241080989481,0
India,1998,11,14.732177703612567,65.3092482235014,0
India,1965,6,29.77543984219546,87.3183328584044,1
India,1968,1,21.672826451018143,62.88543340554397,0
India,1972,9,19.592737031881722,85.17065990755789,1
India,1974,1,17.731230324749287,66.29232021587136,0
India,1965,5,28.831746367520886,36.69062046364022,0
India,2003,4,25.477763905696417,53.993557559298075,0
India,1950,12,18.46387128847944,59.251100725732414,0
India,1991,3,26.99696648817411,65.63627839282007,0
India,1968,6,32.3820512206234,92.44882570034284,0
India,1983,2,21.83014938459292,52.91920233466288,0
India,2004,3,15.225612358716017,71.65662900429254,0
India,1967,5,32.80571448419888,56.379506646389096,0
India,1983,9,18.024917689006003,84.35045108509657,1
India,1994,2,15.2222409679772,64.65146015038091,0
India,1955,10,22.05137445231751,58.374111365545815,0
India,1970,8,25.836161818300383,90.5505880333316,1
India,2019,2,16.95103415148167,56.76316683909485,0
India,1997,11,19.959536354124353,56.88372006975733,0
India,1988,5,36.65526427234418,68.41583963367465,0
India,1980,7,27.93925273262254,81.18437805866171,0
India,1959,8,28.625350442098274,86.2446454765833,1
India,1979,1,22.92938021768658,46.71613865844941,0
India,1967,6,26.28511293487186,94.09819676030595,0
India,2009,1,21.77122552408366,69.6524154898942,0
India,1964,2,24.82370723046635,82.00085759664604,1
India,1953,1,18.771620461155596,70.70690985157108,0
India,2012,11,24.104617125587463,50.96279816319615,0
India,1989,5,30.87434976963542,65.34919888128474,0
India,1958,10,17.077272144784878,52.655929902225566,0
India,1958,9,19.208781256413975,92.8901875352655,0
India,1975,6,28.860727980059274,79.49429856011214,0
India,1953,11,19.64944696873409,50.80676092608162,0
India,1965,11,20.610871596879313,47.121508370426504,0
India,1964,1,22.352799739887427,56.092961429895986,0
India,2001,1,22.034672998348544,54.48417740173143,0
India,2018,2,10.273145714951408,49.906807153285875,0
India,1954,9,19.610767244911894,94.94904552121761,1
India,1969,3,13.96231234637295,64.23904557109316,0
India,1967,1,18.897090990130696,63.297876318853696,0
India,1951,5,29.62863123656724,72.71331535398342,0
India,1962,7,32.92844507425413,86.28128896021467,1
India,1953,6,29.909653598699702,81.2565989924743,1
India,1991,12,21.03687207337304,46.39832205985874,0
India,2010,1,23.172225522629716,53.55954086125277,0
India,1957,5,33.6832567794579,72.0433248040677,0
India,2016,5,29.63095822992927,49.95731107451072,0
India,2012,6,30.282538325041227,86.76563618998938,1
India,1958,3,20.040093208969015,68.27140114468446,0
India,1960,5,28.37220310670677,62.28275872354601,0
India,1991,7,27.69265432967283,86.99491664395292,1
India,1962,5,23.184342250722196,65.24483130298741,0
India,1985,5,26.770017196427013,63.034246974581194,0
India,1962,5,24.66410750037059,72.87259337978625,0
India,1961,10,25.02079393781301,51.677666174179116,0
India,1986,10,20.753664033189715,61.923399014710284,0
India,2001,3,19.496244108212665,45.45407652802282,0
India,2020,1,17.130059255675672,43.4100305025077,0
India,1951,5,30.089337789703873,59.34663175318413,0
India,2005,9,16.608080489378665,87.71689784472379,0
India,2009,1,20.696074226482416,73.04534221790051,0
India,1972,3,20.982935931685414,79.3583338640837,0
India,1989,4,16.554465190573026,70.55888536532385,0
India,2013,1,16.478152140710378,65.81732595518423,0
India,1972,1,23.84879741838047,61.27971884619053,0
India,1978,8,29.8414201371261,77.34385968408311,0
India,2000,2,16.875918282940436,58.83170715406561,0
India,2018,12,18.517974793241923,70.3230140100658,0
India,1980,8,26.968217739880178,89.4914092801402,1
India,1999,7,29.798449258014248,78.56832926658525,0
India,1969,10,23.326513230657874,64.91220517806784,0
India,2004,10,19.889317329622955,64.22714249494176,0
India,1951,2,29.454533774701538,62.7991209609179,0
India,1974,6,31.264078704147003,84.86072222311333,0
India,1962,6,30.689863343526635,88.32791983472097,1
India,2019,3,16.366791476136775,65.57850431129918,0
India,2016,11,19.04586621262933,54.868329876548756,0
India,2007,2,16.88394462786523,63.64011249105676,0
India,2013,12,11.337419086383505,58.48483887402229,0
India,2018,1,23.89704888851523,48.10212905803006,0
India,2008,6,28.465648333349307,82.19196482480918,0
India,2009,12,16.958399702666775,47.4904825172366,0
India,2011,5,30.631710101875395,67.84074828056083,0
India,1965,11,22.049998208886066,62.84711502043455,0
India,2017,9,18.716900668374883,83.22254694397027,1
India,1964,1,19.989593329563927,71.36417074630918,0
India,2004,7,32.23856222194321,85.33995453790584,1
India,1984,5,28.91941921617016,48.550217952265,0
India,2004,5,30.907001225290003,56.48417167852951,0
India,1963,2,13.363021526443399,73.06283349818634,0
India,1998,11,15.034724006289006,54.64419499928685,0
India,1956,3,22.422159112321616,62.20177031006264,0
India,1979,7,26.119324082498103,88.71938312257319,1
India,1998,6,30.702412641339887,87.94974242277472,1
India,1965,12,19.41200487121171,79.5956783916648,0
India,2000,2,18.542130949919084,50.589573944613846,0
India,1991,6,27.514611693096814,79.61768459733598,0
India,1966,2,23.6373600724215,50.72196442318294,0
India,2012,2,26.91956461807934,57.63265263186492,0
India,1994,2,21.20076865040078,68.79501910545962,0
India,1956,11,21.28996286269127,51.74612336162791,0
India,1976,3,17.270677480570022,68.90688404755151,0
India,1959,2,15.21561107270248,60.2810133594219,0
India,1983,4,19.8410443807753,51.12802645431261,0
India,1985,9,16.105001408167695,76.24315021716072,0
India,1974,6,24.682169615052537,77.36214753095337,0
India,1955,1,23.21378324946233,54.673172734128606,0
India,1973,8,32.5565003647555,84.1542441212834,0
India,1967,12,16.564644908187624,70.76850381384361,0
India,1955,7,30.731892963837733,88.99544106094119,1
India,1978,10,24.007809071167067,53.28846998335758,0
India,1974,3,20.820106748247515,63.26932226697735,0
India,2004,1,15.227381415605066,73.21237015353792,0
India,1995,5,29.301319760288703,74.99133936824029,0
India,1973,4,25.307237680167965,57.48475190757123,0
India,1975,10,20.988106574420453,67.66630743764001,0
India,1977,8,31.617396309548415,91.94977683443912,1
India,1952,1,21.366516877476457,47.943424614572905,0
India,1987,10,16.577954568086987,55.900743302722425,0
India,2010,1,17.51661912286943,77.7601498753861,0
India,2000,12,21.35546062820697,57.591711119032766,0
India,1997,4,23.267487120081633,36.56838908239122,0
India,1970,8,33.299714852753645,84.39519094806639,0
India,2003,5,27.42568336569542,68.99700399292689,0
India,2005,2,21.732482138708775,60.05208349440717,0
India,2008,6,33.56113233515693,88.57681973400317,1
India,2000,5,27.03875468913593,67.50577598124585,0
India,1969,2,25.946988543199097,57.16050038854174,0
India,2008,11,26.555763309376758,55.84485610868499,0
India,2020,11,30.50034535848664,61.227527807634175,0
India,1958,11,20.92373376331998,61.42223138343905,0
India,1950,3,20.945698705049793,60.43261455877577,0
India,1978,9,23.30797755646927,85.47578261341232,1
India,2012,7,32.39340801914825,81.2572693268963,1
India,2005,7,33.379100582986815,88.75143455040474,1
India,2017,11,23.136132721860413,64.79385557690372,0
India,1984,6,29.681814272885884,78.31995816682272,0
India,1952,8,33.66599136292051,83.05418841457016,1
India,1956,4,15.714983401229098,60.74463898031557,0
India,1976,8,30.01755701017613,82.32843498861912,1
India,1950,4,26.254942464199196,65.09897582070235,0
India,2020,8,26.249260505639043,84.6655873077143,0
India,1993,9,17.29009737201135,85.84536264727593,1
India,1990,3,22.686989164309164,56.79432554013541,0
India,1991,3,21.57564789294461,44.05424941271508,0
India,1982,11,16.49989836937502,43.59721342750041,0
India,1999,2,18.335223989079438,64.71687637353622,0
India,2012,10,15.276871749398644,62.13529661191515,0
India,1986,3,23.921939998082287,63.509297650808676,0
India,2008,3,18.976474569317872,61.07578273650331,0
India,1997,5,35.376467732281895,61.71653922698812,0
India,1954,5,30.243300732120066,67.7521869889503,0
India,1997,2,19.121038786388493,63.5569549792113,0
India,1952,12,18.73271295483281,68.3272748024489,0
India,1996,10,19.023200659230287,61.37169472981278,0
India,2011,6,30.33246328540141,83.49809129740115,1
India,1963,5,37.53722272973496,61.553622897249966,0
India,2012,6,28.983420989701923,80.81911059256352,0
India,2010,1,18.77458615691476,56.96122456870473,0
India,1980,5,30.196781537049535,61.42057046912029,0
India,1966,9,24.36109802537704,85.82159165950506,1
India,1973,12,14.316061755708883,59.14864895997609,0
India,1972,10,21.82037094763858,48.89452231860635,0
India,1999,2,16.73029929591535,65.09127637136571,0
India,2019,1,22.213090755803798,66.6738272527964,0
India,1976,10,18.024960230558175,73.14952396201791,0
India,1964,11,10.783590640970854,63.53420797270985,0
India,1999,9,21.47831041074994,85.00730917095741,1
India,1985,10,21.444579081387474,51.8957639231188,0
India,1957,9,17.68367876608228,92.46008934680528,1
India,1952,9,17.446624559427992,86.23916488437011,1
India,2011,6,26.06588182473704,85.96686586912728,0
India,1996,8,32.319299824616614,83.72971900910574,1
India,2010,11,23.528863129867233,57.4562434685211,0
India,1981,1,16.483796459296443,65.50613387240678,0
India,1962,10,17.840262161844596,51.82847501873127,0
India,1950,4,19.746843515444144,73.00345487327024,0
India,1983,1,29.083461124142186,71.26021166030698,0
India,2011,8,31.635365242766795,83.22969226566455,0
India,2020,1,16.226337939966484,53.08908347301566,0
India,1980,3,21.215121237962023,43.878352093156685,0
India,2013,4,14.493233837447672,49.98868902012619,0
India,1974,8,32.15397092974851,88.64955746441437,1
India,1987,6,35.02664218063346,86.57670929450327,1
India,1963,10,26.719166740335833,63.949228522448706,0
India,1957,12,22.939574013897357,45.235362917406704,0
India,2003,7,28.249762932395612,83.02092189948668,1
India,1951,8,26.097294730457623,91.83636403141041,0
India,2005,2,14.399179826523564,59.23178075744517,0
India,2010,10,8.775131562005827,49.82164212300812,0
India,1971,11,22.775423052031687,59.10718135325679,0
India,1984,8,29.691493439326802,81.14491290817375,1
India,1965,3,23.63686466581251,62.66943247956318,0
India,1999,7,34.28409445570436,85.10272689443858,1
India,1992,3,20.39962217560964,64.34637331265833,0
India,1966,7,30.43788482913945,78.91038186617443,0
India,2007,11,18.142718622010133,56.41026745067921,0
India,1951,12,18.615662331310368,68.72347473119288,0
India,1953,2,22.913879649891737,49.16575956451615,0
India,1988,10,19.302499878538757,51.975103871680176,0
India,1955,6,29.04297699974153,85.99648654996032,0
India,2018,3,19.926732562228594,62.29383871267033,0
India,2018,3,23.545320784246357,56.08920125805784,0
India,1969,9,17.22935376867959,83.60783558680575,1
India,2013,7,29.8004144473439,87.66612780777821,1
India,1965,5,30.73583351333529,66.79708001407894,0
India,2000,12,24.640887614340958,51.44622667768193,0
India,1986,10,19.042812892802324,62.9145561650236,0
India,2018,7,27.846529841844834,92.5600800000286,1
India,1991,9,18.06255622291058,84.42053969319434,0
India,2006,1,24.212229732061516,51.361286769691844,0
India,2015,7,36.0999158958104,79.36954045586391,0
India,1958,6,26.058726558941903,84.19631279344068,0
India,2013,10,15.61879353972057,68.28677843894094,0
India,1971,12,19.324812853191418,59.67395320122703,0
India,1983,9,20.443824384272173,85.94615989952963,1
India,2004,1,23.147878262219983,52.02926654260957,0
India,1978,4,16.435467965594054,67.86494106381238,0
India,1987,9,15.747563853402143,79.27170714417322,0
India,1967,4,20.55234861253452,55.964028125826935,0
India,2020,10,18.966397119171326,65.03931889637035,0
India,2014,3,23.706883991086098,43.68454801344055,0
India,1950,9,21.949439212761536,85.86980574842853,1
India,1953,2,22.221517390532874,51.68741146886575,0
India,1953,4,19.582074614492534,60.132395191272906,0
India,1976,6,37.066740775704616,83.23972196144032,0
India,1992,2,16.64900807362496,76.8466786027879,0
India,2008,8,31.832429501264325,83.03439405400047,0
India,1981,8,26.190930038780678,94.2132568644167,1
India,1982,1,15.706129289042192,64.695618329467,0
India,1977,12,17.570617604938178,53.58832823416218,0
India,2004,3,26.517293346472105,62.64648740207805,0
India,2009,10,21.055577721816075,57.564722029297506,0
India,2019,9,17.638087725822498,86.21078745370617,1
India,2011,5,31.12330897786372,54.288872100533865,0
India,1983,6,30.105443644273524,93.45088816672978,0
India,2005,4,18.03210652344352,67.4031847263738,0
India,1962,10,14.41348457684709,60.25425254529273,0
India,2005,2,25.75416993804916,73.83291814455627,0
India,1967,11,20.839272514840168,60.59423395266279,0
India,2003,8,36.52121512040472,90.48812482430583,1
India,1992,11,23.76128648216352,60.30640470017939,0
India,1988,6,31.653959174283127,86.9694379740529,1
India,2010,5,28.6943870141491,59.348489752457766,0
India,1991,9,15.618617744572333,85.47650676936968,0
India,1967,1,19.12907606204621,61.36425488310399,0
India,1972,5,26.627122217382507,54.64214534009285,0
India,2003,6,31.950571142192263,82.99465666538457,1
India,1979,5,34.89795749309139,58.26595986811063,0
India,2007,6,29.21726320164861,86.14855508401148,1
India,2017,6,32.833472917173594,84.84710490248267,1
India,2016,7,27.93231278934943,90.86516266912854,1
India,2020,4,18.790132647170594,66.77694655183713,0
India,1967,11,16.740144061738228,58.42937955179702,0
India,1956,8,23.60060089478847,91.9089194872597,1
India,1989,7,29.89039995024417,94.36510311787728,1
India,2019,9,20.51380695039101,74.78086852538942,0
India,2014,7,33.197582996284915,89.6614504253314,0
India,2017,3,23.181753010677152,54.45612642134801,0
India,1998,3,23.235811596155983,66.4059841705864,0
India,2001,8,27.07789133064637,91.19118970323215,1
India,1978,5,31.378491918212077,52.98405924391558,0
India,1970,4,26.33037586192637,45.181383207873914,0
India,1958,8,31.139603552127245,89.17717044107933,1
India,1996,6,35.485780839194994,85.67701241241805,0
India,1991,2,28.075864444479453,46.65248996877897,0
India,2000,4,18.92612691883342,80.23651604370258,0
India,2005,12,17.212241019677712,64.99535529805242,0
India,2000,11,16.9541513383242,65.36080032100122,0
India,2019,4,13.935456719587119,70.92654202049638,0
India,1969,6,28.444791301753433,82.0958802357675,0
India,1976,6,33.62299634926874,85.65227056044338,1
India,1987,1,11.18384969899504,49.44542468976189,0
India,2014,8,26.88763979785876,81.96025776357408,0
India,2003,6,29.61860567504401,86.92830000234619,0
India,1973,3,16.491259197513198,46.67772266294038,0
India,1996,9,17.89085622303912,81.81855227160959,1
India,2020,2,17.950681302310784,52.576528320498234,0
India,2012,11,18.969839119753004,61.13673796496276,0
India,2006,8,27.811635911670784,87.87350630832674,1
India,2004,10,16.75514714457781,65.93722243501166,0
India,2009,3,23.737238983684925,67.9905331582252,0
India,2011,12,24.19861671144138,70.97693477257897,0
India,1979,5,25.858369964257772,64.85796362946725,0
India,1971,6,21.721207802181347,94.43667949447207,0
India,1978,10,24.253499398283722,60.956020170117455,0
India,1990,6,26.313598744343587,84.13339422874726,1
India,1991,4,20.85097935383896,64.85845890688032,0
India,2014,3,13.73731250788713,58.26871060005929,0
India,1980,4,25.19101994103869,74.8205178302004,0
India,1979,1,30.174671581206113,69.04786778508169,0
India,1967,4,20.731227636821348,66.00222515359611,0
India,1966,1,19.623589406161933,61.05135475233081,0
India,1987,12,18.711441699239746,56.7401826286811,0
India,1963,1,23.127197245251647,65.61060003654208,0
India,2005,10,22.270747003738343,50.98322038522433,0
India,1971,6,33.010495360658595,92.6718176672051,1
India,2016,5,28.116250432205753,58.57890635691701,0
India,2005,11,21.36047082561858,62.44085386592583,0
India,1968,4,17.830127733175217,52.72319139045369,0
India,2006,11,15.769137407719782,65.78389010495377,0
India,1993,3,19.835938315986144,56.37006709729337,0
India,1984,1,16.30994907849167,65.19383032244079,0
India,1950,6,33.521180993227766,88.78696734488695,1
India,2001,2,16.55231848793671,54.81894309129168,0
India,2019,8,31.090637822062078,79.38235439543003,0
India,1986,10,17.58631080496111,72.25519933235636,0
India,2014,5,30.831188251312536,58.461607727767344,0
India,2000,7,28.42801027963393,86.1242440802282,1
India,1950,10,14.97115490056985,63.88371619717394,0
India,1970,12,21.93509096380738,49.97039896081424,0
India,2002,2,19.058337512347112,63.7013290945591,0
India,1965,8,30.85795482216738,85.49563268077318,0
India,2010,2,18.28462825747825,54.85175441836487,0
India,2003,4,14.688253944926192,50.747712121298164,0
India,1989,1,24.332714388225025,64.84708438365816,0
India,1975,5,32.21027326632326,69.02169606555904,0
India,2014,9,17.732156097787026,85.89295258696401,1
India,2013,1,20.27911685399519,48.52427726520251,0
India,1992,9,24.168077932651748,79.71333591412635,0
India,1966,11,18.17184665655041,56.54301032540757,0
India,2008,8,29.094346484428346,92.82309870580374,1
India,1972,6,30.73089750002212,83.76624668950562,0
India,1956,7,28.622726809336243,82.657155386009,0
India,1993,3,23.42836798794809,46.61212160259108,0
India,2002,1,19.324396878770248,54.74652167911911,0
India,2020,5,27.647892375018078,50.13650916807336,0
India,1983,12,22.434555319495978,51.9745613526176,0
India,1995,12,15.431477402274613,60.95960544126994,0
India,2017,2,28.059514244496853,56.79068635511058,0
India,1965,5,34.74748909074061,73.59595562137076,0
India,2020,8,31.540486430763046,90.39001686353738,1
India,1968,11,21.717324087279607,55.12892849751729,0
India,1951,9,21.529765671277193,80.41591079129742,0
India,1959,2,18.04362085632437,71.06113548531354,0
India,1999,12,21.18923858272337,73.28033991586787,0
India,1961,3,16.307469558168606,42.44601405163574,0
India,2019,3,22.015273673760724,60.74286099177361,0
India,1971,1,23.471387772125183,57.98497353682618,0
India,1981,8,28.865741697049998,88.24560070029969,1
India,1950,6,28.21469461753584,94.71334062080751,0
India,2003,12,15.150091901408361,56.127543845377616,0
India,2007,8,34.373865700697074,74.69650742668043,0
India,2019,11,17.937343864631153,64.63206160119411,0
India,1967,9,19.205043855933507,91.94982034302102,1
India,1955,5,30.90046675498718,57.5699217478418,0
India,1994,12,21.12883057155974,54.35970015888271,0
India,1972,3,22.98624038272428,56.501924756978404,0
India,1972,5,28.862010240485013,66.80164293704988,0
India,1975,5,26.58399618458726,56.364312469720154,0
India,1956,5,26.059004073083052,62.630082402742765,0
India,1993,3,17.682979068628615,60.22242332591952,0
India,1976,11,16.192598101301503,59.396963100617874,0
India,1975,10,18.78553317876897,65.61033861401786,0
India,1985,4,25.230315243039932,56.17136080108644,0
India,2004,9,18.490887176465243,82.8470671990886,1
India,2013,10,18.489396554661774,66.38082279999803,0
India,2006,9,19.934404894976847,80.06537337915674,1
India,2018,2,18.377500035151733,52.95823847342138,0
India,2010,8,29.797826292845418,78.69842854328203,0
India,1951,8,31.62260766744404,89.24505456638276,1
India,2004,7,32.65425316428994,84.47381515959366,1
India,1987,8,33.009639599217074,78.43192426960466,0
India,1978,3,28.22740888292408,66.83046849847256,0
India,1975,6,31.708078338517314,82.22228919212282,1
India,1984,1,28.937915605397237,53.026575369304915,0
India,2016,7,27.670554575821072,84.02160720561524,1
India,1978,1,28.36513960969834,71.82978887574313,0
India,1983,9,18.478495783121637,83.02518901751715,1
India,1990,1,18.87192427694786,64.60271091292468,0
India,1990,1,19.520509810308507,65.81664016360763,0
India,1972,7,29.344137866523806,87.21636649003203,1
India,2020,2,20.343361586906013,70.1685731973941,0
India,1952,5,28.259915992534683,54.34307196294177,0
India,2007,8,32.48988651921412,79.78332578474831,0
India,1981,8,28.34149489613646,79.68516671987503,0
India,1980,3,22.622441593011565,58.84425267760165,0
India,1992,7,34.58317085857129,80.26476671079736,1
India,1956,3,18.571590520769043,61.18032729492263,0
India,1950,6,32.38315025393753,85.38494209862446,1
India,2010,6,31.677477866709555,90.0928665159302,1
India,1963,3,29.011547528879,62.32915446588832,0
India,2001,7,28.48550830546515,82.91924072069276,0
India,1955,3,23.180286467223137,63.286793635461464,0
India,1959,8,25.12196672467034,79.8490299005103,0
India,2020,10,18.01656635705275,59.694874495805465,0
India,1979,4,21.41357135038763,62.55520986876465,0
India,1970,1,25.572639876359126,61.03454078520101,0
India,2009,4,15.096266540063189,63.32052075948787,0
India,2012,7,32.35827192222333,81.77976992143604,1
India,1991,11,19.747106174068165,69.21625122247613,0
India,2000,4,13.91388938643075,74.57735159516565,0
India,2013,6,30.54476053784637,76.98661927570703,0
India,2005,9,26.836644931912847,78.92201002022875,0
India,1990,1,15.518309360353532,60.344664064195086,0
India,1981,5,29.67018685388945,57.947592155577006,0
India,1964,11,16.053444061441734,75.17129924618226,0
India,2011,7,28.594251204269952,86.0989216171223,1
India,1976,1,25.728680574098533,71.14036202980766,0
India,1977,4,18.91390209803447,43.6070089083712,0
India,2013,6,34.20469721254598,89.07084741666176,1
India,2008,2,24.436216191726345,54.275865445933434,0
India,2007,10,18.549048346062207,54.14765944304274,0
India,1951,5,28.4922016181813,58.01313578870301,0
India,1985,11,16.416004772741992,48.60333088215126,0
India,2020,10,16.276475223226385,63.54228420257482,0
India,1962,1,21.41282957803137,61.525719733734356,0
India,1964,6,29.940644054355104,86.33096124093635,1
India,2009,6,28.12918369521238,89.43515511066452,1
India,1971,4,13.804948311506884,72.11825636955324,0
India,2012,8,30.318536303466637,83.18144475456226,1
India,1974,4,18.121791283754668,63.81880511789179,0
India,1997,8,29.41410691325372,86.46494104167489,0
India,1992,8,30.913985486094244,86.8880725316447,0
India,1987,5,22.49459141583641,63.14078131572787,0
India,1990,4,13.8669015851635,72.72402675651871,0
India,1994,12,29.185772307220752,56.32258505208565,0
India,1989,2,17.97355797320153,47.79411277437055,0
India,1966,11,9.930267590409883,54.417009851072905,0
India,2006,3,14.20023928193499,66.05813546828324,0
India,1951,3,29.937869474565733,60.18663606917742,0
India,2011,4,17.18801015892064,56.259205276040035,0
India,1958,4,24.636060979588628,51.388021852722865,0
India,2017,10,20.48447199334882,61.77028897384426,0
India,1966,11,18.060131850004115,65.15605020219047,0
India,1999,11,23.10178188305237,62.446976440768225,0
India,1989,5,22.846929973931136,57.97335735076043,0
India,2007,4,14.235469520573588,61.1731302743797,0
India,1970,11,18.030595951441757,61.126743732459325,0
India,1967,10,14.628382406921567,61.5175754497413,0
India,2004,8,28.257666634488086,79.0784752449044,0
India,1978,6,32.561139137048485,85.98663175307439,1
India,1973,6,30.396410164007943,82.79701765766903,1
India,1966,8,33.99185110652877,90.20309303004879,0
India,1967,7,30.586125853055233,85.66459320875137,0
India,1991,10,23.969843325978108,66.68383377458314,0
India,1994,11,19.74371879948601,57.58574890360198,0
India,1966,12,17.63889806656087,57.874289299108334,0
India,1963,10,25.922272222167553,71.95400997005066,0
India,1998,8,27.871949136191798,87.18167594207755,0
India,1978,2,21.375379292497197,54.28388374075409,0
India,1953,9,23.075589452897894,89.48487219310238,1
India,1969,1,23.365970817883426,55.733562132577035,0
India,1996,8,26.503671989339942,86.12849068905761,1
India,1958,12,24.207801623313063,74.69339704687523,0
India,1976,11,16.084179015570918,48.549740898895564,0
India,1964,12,23.242814621399976,58.59374462586771,0
India,1968,12,22.140693884196395,63.26617312721624,0
India,2001,4,23.274522647119593,66.11758667731739,0
India,1975,4,15.17998591560389,50.07012874111302,0
India,1975,5,31.763789228203173,47.71367785139986,0
India,1975,8,33.25678102922451,90.45374675995212,1
